PHRASE,MEANING
clarion call,a clarion is a high-pitch bugle.
all the way up,"literally refers to ascending a mountain or cliff, or navigating a river to a specific terminal point."
off grid,disconnected from municipal utility systems.
cover one's tracks,"to keep one's location, activities, and intentions hidden."
child's play,an informal expression meaning something that is easy to do.
class act,"high-quality performance or display; additionally, the performer."
cakewalk,something that can be easily accomplished.
the other side of the coin,"the opposite aspect, contrasting arguments."
cross swords,to fight with another person physically or verbally.
between the devil and the deep blue sea,between two equally difficult or unacceptable choices.
lights are on but nobody is home,used to describe a stupid person.
easy money,"rewards, progress or other good results with little or no effort."
hit the hay,to go to sleep or head to bed.
hit the sack,to go to bed.
on the blink,to be malfunctioning or not operating correctly.
busy as a beaver,work very hard and actively.
red zone,"any geographical area that is thought to be dangerous or threatening, usually as a consequence of political or military activity."
hand in hand,close ties or connections.
upside down,literally refers to an object that has been reoriented so that the portion which would otherwise be considered the top is now at the bottom
make common cause,"to enter into an agreement or shared effort, especially for expedient purposes and with a party (or parties) otherwise deemed to be enemies."
roots run deep,"similar in meaning to ""deep-rooted.""."
light of one's life,someone who makes one very happy.
chip off the old block,the term is used to describe people who look like their parents.
wild card,an opportunity to participate in a sporting event without having to compete in qualifying matches or be ranked at a certain level.
pay as you go,a payment system that allows you to pay right before a service you use rather than later.
by dint of,as a result of something.
do one's bit,to do a share of a task.
blast from the past,a way to refer to something or someone reminding you of an earlier time.
birds of a feather,"people with similar tastes, interests, and backgrounds."
rock the boat,to make trouble.
spare someone's blushes,to stop someone from feeling awkward or embarrassed.
blue eyed boy,a person who is treated with special favor.
"blood, sweat, and tears",putting a lot of effort to get a task done.
bad blood,to have ill feelings towards someone.
blind date,to go on a date with someone you have never met before.
body and soul,with all one's effort and ability.
take a leaf out of someone's book,implement actionable advice.
bring someone to book,make somebody accountable for their conduct.
living on borrowed time,not expected to live much longer.
break new ground,to do something innovative.
hit the panic button,prepare for disaster.
wide berth,"avoid (a person, place, or circumstance)."
bury head in the sand,hide from the truth.
rain check,declining an offer that might be taken up later.
buy time,"to do something in order to postpone an event, a result, etc."
between you and me,a secret to be kept between two people.
as bold as brass,"daring, brave, bold or overconfident."
behind bars,to be in jail or prison.
bosom friend,best friend who is very close to you.
beau monde,a fashionable society.
rob Peter to pay Paul,to cause harm to one person in order to do good for another.
burn the candle at both ends,to exhaust someone's energies or resources by leading a hectic life.
know which side one's bread is buttered,to be cognizant of where one's interests lie in a given situation.
fiddle while Rome burns,to perform an inconsequential task or act irresponsibly in the midst of a disastrous event.
yoke around one's neck,a fatiguing burden.
get out of dodge,to leave.
show the door,make it clear that somebody must leave.
tasted blood,"to experience something thrilling and exciting, and want to experience it again."
by and by,soon; after a while.
break the news,to make something known to everybody.
a wet blanket,a person who spoils other people's fun.
get one's feet wet,to begin taking part in a new activity.
go bananas,become very angry or act crazy.
it's not brain surgery,to indicate that a specific task is simple and easy to undertake .
come to blows,to start fighting.
the brains behind,"used to refer to the person who originally invented a particular scheme, plan or idea."
at the helm,"in charge of an organization, group of people, etc."
pros and cons,good points and bad points.
happy wife happy life,"to have a good life, you need to have a good wife."
blind spot,"if you have a blind spot about something, you cannot accept or understand it."
how come,why or how.
a tall order,a challenging task or difficult requirement.
silver spoon,having a rich or privileged background.
close shave,a narrow escape.
backhanded compliment,give ironical praise to someone.
lightning fast,extremely quick.
word of mouth,oral communication.
shoot the breeze,"spend time chatting, useless talking or chit-chat."
big gun,a very powerful individual.
fake it till you make it,portray yourself like the person you always wanted to become.
wane,a period of decline or reduction.
nightmare dressed like a daydream,describes something that seems very pleasant or attractive at first but eventually reveals itself as horrible.
blind impulse,sudden and unaccountable desire to do something.
ride (on) a wave,to enjoy the advantages of something.
no spring chicken,someone who's no longer young.
rain or shine,doing something regularly regardless of the circumstances.
on top of the world,in a good mood as everything is going well for you.
brownie points,"praise or appreciation, usually for a service someone has done."
on the cards,"something very likely to happen, occur or take place."
at cross purposes,with aims or goals that conflict or interfere with one another.
stand a chance,"to have a possibility of succeeding, even if a remote one."
buckle down,make sure something stays in place.
take the cake,being the best in a competition.
run across,meet someone by accident.
in mint condition,something used that looks new.
where the rubber meets the road,when you have to face your challenges.
happy go lucky,cheerful.
rip off,the act of stealing.
second wind,another burst of energy when you had been too tired to finish.
on board,"be physically on a plane, ship, vehicle, train, or rocket."
dog's life,a miserable and unpleasant life.
bull's eye,the center of a target.
put cards on the table,be open and honest.
keep card close to chest,"be secretive or cautious, give nothing away."
back to the wall,to be in a difficult situation.
fight like cat and dog,argue jealously and violently all the time.
leaps and bounds,progress very quickly.
sweep under the rug,try to hide a problem or keep a problem secret instead of dealing with it.
play cat and mouse,to play with or tease someone.
big mouth,someone who talks too much.
by hook or by crook,by any possible means.
call the shots,to be in charge of what is happening and what should happen.
green thumb,good gardening results.
hit the roof,experience sudden anger.
lone it,to do an activity alone.
burst the bubble,the sudden end of a very happy or successful period.
close call,a narrow escape from disaster.
cat among the pigeons,do or say something that causes trouble and make a lot of people angry or worried.
go out on a limb,do or say something that is different from most other people.
bury the hatchet,to stop fighting or arguing or to end old resentments.
all hell will let loose,"a situation suddenly becomes noisy and violent, usually with a lot of people arguing or fighting."
in cold blood,in a cruel way and without pity or other emotion.
know on which side bread is buttered,know what is to one's advantage.
recharge one's batteries,take a break or holiday to relax and regain one's vim and vigour.
pass the buck,passing blame to another person.
make all the difference,influence someone or something in a positive way.
under the auspices,"under the protection, sponsorship, or patronage."
look on the bright side,always try to see the good things even in bad situations.
big brother,a large organization or government agency that tries to control all aspects of human life and society.
in broad daylight,during the daytime.
the buck stops here,the responsibility for a situation or a problem with somebody.
cut the cord,to end a connection with someone.
"sponger, sponging, sponge off",someone who scrounges from others.
call bluff,"to challenge to prove one's claim, when they are likely attempting to deceive."
hit the road,depart.
zero hour,a time when a crucial decision or essential action must be taken.
dab hand,an expert or skilled person.
bright spark,an intelligent and lively person (humorously).
bare bones,most basic and important elements or facts.
put your foot in it,"say something (by mistake) that upsets, humiliates, or embarrasses someone."
waiting time,a period of time from when action is requested to when it happens.
tempest in a teapot,when a minor issue causes an exaggerated reaction of anger or trouble.
storm in a teacup,an excessive enthusiasm or rage about a minor matter.
jump on the bandwagon,to start doing something because it is fashionable or profitable.
zonk out,to fall asleep very promptly.
too close for comfort,to be very close to something dangerous or unwelcoming.
jump to conclusions,to predict a situation without having sufficient information.
in at the deep end,to start a new job or activity without being prepared for it.
no picnic,used to express that an activity or action is not fun.
so far so good,progress has been satisfactory up to now.
feel blue,to feel sad or depressed.
out of hand,out of control.
alma mater,"the school, college, or university that one attended or in which one has studied."
brain drain,the migration of highly skilled or trained people from a particular country.
in the bad books,out of favour.
black book,a book containing a list of secret contacts.
take a cue from,to do what is recommended by someone else.
fly off the handle,to lose one's temper and get angry for seemingly no reason (does not usually refer to situations that would warrant an emotional response).
cold shoulder,to treat somebody with coldness and contempt.
in hot water,in trouble or state of shame.
leg up,give or receive assistance to achieve a goal.
"get the sack (boot, axe)",be dismissed from the job.
skeleton in the closet,"a secret of an embarrassing, guilty or shameful nature that you don't want to disclose."
part and parcel,something that is a basic or essential element of the whole.
spill the beans,disclose a secret or reveal something prematurely.
weather the storm,handle a difficult period of time successfully.
the ball is in your court,the initiative for taking action lies with somebody.
on the ball,"alert to new trends, ideas, and methods."
on/to hand,"present, nearby, close, or easily accessible."
time puts everything in its place,"time is persistent; as it passes eventually, everything goes back to its original state or place."
white paper,official report or guide.
"no pain, no gain",it is necessary to work hard or strive to reap rewards.
red tape,over excessive or time-consuming rules and bureaucracy that hinder progress.
take it up/down a notch,apply more effort to achieve a goal.
pour oil on troubled waters,"try to calm, soothe or placate a problematic situation."
barking dogs seldom bite,"to threaten someone, but not take action or follow through with threats."
nail in the coffin,"an action/event that will help bring about the death, end, or failure of something or someone."
break the ice,"to do or say something that makes people feel more comfortable, especially at the start of a meeting or party."
more than meets the eye,not as simple as it looks.
in the red,more money going out than coming in.
white elephant,an expensive item with no use or purpose.
in hand,under control.
straight shooter,someone who speaks the truth.
crack the whip,make someone work harder by asserting power or authority.
heads will roll,people will be fired or forced to resign.
rocket science,something very difficult to understand.
black mood,"to be angry, irritable or in a temper."
red-handed,doing or about to do something illegal or wrong.
eye candy,attractive visually but uninteresting in other ways.
rest assured,emphasizing that there is no need to worry.
set the bar,fix the standards acceptable for the task.
rest in peace (RIP),"respect, sympathy and well wishes for a deceased person."
cross the line,behave in a way that is not acceptable.
easy peasy,very straightforward.
bitter pill,something unpleasant to be endured.
to the nines,to perfection.
tide over,temporary help (often financial).
shadowban,a method of censoring or controlling content on the internet.
brown study,melancholy mood accompanied by deep thought.
good egg,a kind person.
bad egg,someone who fails to meet expectations.
lower the bar,to lower standards or expectations.
raise the bar,to be better than what went before.
stand your ground,not retreat.
outside the lines,not sticking to the rules.
halfway house,"mid-point in recovery, treatment, or progress."
not believe eyes,shock or surprise at something you see or hear.
spick and span,neat and clean.
come to think of/about it,something that has just occurred to us as we speak.
worm in the apple,the presence of something very bad in the best.
without further ado,no fuss or ceremony.
Dutch uncle,"criticize, scold or lecture someone."
king of the hill,be the undisputed champion.
backroom boy(s),people who work in anonymity.
end up,reach a particular place or condition.
buffer zone,neutral zone between two or more areas.
call on,"use courage, reserve, nerve or strength to achieve something."
turn aside,refuse entry to somewhere.
rabbit hole,mentally go somewhere surreal or strange.
bang for the buck,more value for money.
get rid of,to remove something or someone.
pay lip service,to agree by word of mouth only.
two peas in a pod,practically identical in appearance.
fan the flames,make a bad situation even worse.
a hard nut to crack,a problem that is difficult to solve.
turn against,to change from supporting something to opposing it.
fight tooth and nail,to fight very fiercely.
Herculean task,a task requiring huge amounts of physical strength.
call of duty,something you must do or feel compelled to do.
knotty problem,difficult or complex problem.
when life gives you lemons,make the best out of a difficult situation.
topsy-turvy,with the top at the bottom.
goose egg,zero.
keep promise,be faithful to your word.
in light of,because of.
old school,old fashioned ideas or approach compared to current trends.
bite head off,overreact in an angry or harsh way.
prevention is better than cure,easier to stop problems than correct them later.
in the loop,to be aware of the information.
pipe dream,an impossibility.
fair and square,done according to the rules.
ahead of the curve,better than others.
does exactly what it says on the tin,someone or something is exactly as they seem.
home is where the heart is,a place you feel connected to emotionally.
sticky fingers,keep objects that don't belong to you.
apple pie order,neat and tidy in the arrangement.
on a tear,very active or suddenly active.
the smell of an oily rag,a slim or frugal amount  .
bring owls to Athens,something that is pointless.
anything but,by no means.
square peg in a round hole,a person who doesn't fit into societies norm.
hit or miss,something is arranged in a haphazard fashion.
silver lining,sadness or unpleasant things can have a positive side effect.
in the air,something like a mood that everybody can feel.
make light of,to treat something as if it isn't important.
through thick and thin,"under all conditions, no matter how challenging or difficult."
in no time,a very short period of time.
throw down the gauntlet,to accept a challenge.
way forward,the only way to succeed.
on edge,to feel tense or unable to relax.
a smooth sea never made a skilled sailor,a proverb that means easy situations can never improve you or make you better.
drain the swamp,rooting out the practice of corruption.
ride high,when someone is very successful.
at odds,to disagree about something.
under siege,to be under attack.
have no business,to do something that you should not be doing.
take heart,to stay confident and positive.
rake over the coals,to give someone a hard time for a mistake they supposedly did.
stand in a good stead,to be of advantage to someone.
smack dab,exactly.
get a life,to stop wasting a lot of time in useless or boring or trivial works.
throw under the bus,"to betray a partner, colleague or close friend for self-benefits."
cold sweat,the condition where extreme fear or nervousness causes a person to feel a chill along with moist skin or sweat.
on the horizon,an event that is most likely going to happen soon.
wild goose chase,wasting resource working on something that does not exist.
kick the can down the road,to avoid dealing with a problem.
pat on the back,to receive or express praise for a job well done.
heart touching,an event that makes you feel happy.
tick off,to make a mark next to items on a list that have been completed.
mull over,to take a long time to make a decision.
right away,to do something immediately.
turn out,to arrive at an event.
for a while,a short period of time.
bring up,"in the literal form, it means to take something to a higher place."
come out,to reveal something (often unintentionally).
turn over a new leaf,to alter your behaviour in a positive way.
get through,to make it to the end of a particularly arduous or stressful experience.
vim and vigor,full of energy and enthusiasm.
buy the farm,to die.
a fish out of water,being uncomfortable and restless.
bucket list,a list of achievements or experiences someone wants to have during their lifetime.
on the tip of my tongue,something like a name or word that you know it but cannot remember at a particular moment.
from the bottom of my heart,with sincere and deep feeling.
light years away,when something seems unlikely to happen.
you can lead a horse to water but you can't make him drink,we can offer good things to people but we can't force them to accept that.
lion's share,the biggest part of something.
knock out,knockout.
mad at,to be angry at a person or situation.
screw up,slang depicting that a mistake was made.
aftermath,the effects of something traumatic.
white lie,a harmless lie.
take for a ride,to trick somebody.
get to know,receiving the information.
green with envy,extremely jealous of another person.
pep talk,a motivational speech.
like a bat out of hell,very fast and crazily.
trouble shared is trouble halved,a trouble shared is a trouble halved.
all roads lead to Rome,all the routes are directed towards the center.
knock socks off,doing something which was never done before.
apples to oranges,the items that cannot be compared with each other.
seventh heaven,being glad.
heavy heart,attaining a state of grief.
lighten up,to take it easy.
crack up,go through an emotional breakdown.
troubled waters,a difficult phase of life.
live wire,an energetic and volatile person.
long run,in the long run.
Black Friday,a day of a financial disaster.
get the wrong end of the stick,to understand something in the wrong way.
get on nerves,tick someone off.
mind your own business,to look into your own matter.
good grief,occurrence of something shocking.
the lion's den,a place which is uncomfortable.
miles away,unaware of the current situation.
make a mountain out of a molehill,magnifying the content.
dead as a doornail,becoming obsolete.
dead in the water,unable to produce movement.
rule out,to exclude out something.
as a result,the outcome of something that you have done.
spend a fortune,spend a small fortune.
black day,it is a day on which something terrible has happened.
"six of one, half a dozen of the other",comparison between the two things which are identical.
out of business,out of operational conditions.
against the grain,a difficult path to be followed.
music to ears,something that is soothing to your ears.
apples to apples,having a fair comparison between the two things.
by chance,something which was not planned to happen.
take for granted,to underestimate the value of something or someone.
mind your own beeswax,do not interfere into someone else's matter.
walking on air,to be very happy (elated).
lean towards,to be interested in something.
chill pill,something that has a relaxing outcome.
bundle up,to dress warmly to protect oneself from the elements.
set off,to start a journey.
catch up,"to get to the same level, standard, or status as something or someone."
you're on,used to accept a challenge or bet.
put the brakes on,to stop or slow down an activity.
easy does it,"used to tell someone to go ahead with something with slowly, and carefully."
pie in the sky,used to portray or refer to something that is lovely to consider however is probably not going to happen.
Easter egg,a decorated or dyed egg usually given to children at easter.
out of the frying pan into the fire,to go from a bad to worse situation.
act of God,an occurrence of out of control natural forces in action.
toot one's own horn,blow one's own horn.
fast food,food that is tasty but has less or no nutritional value is referred to as fast food.
on a roll,making a lot of progress.
ward off,to prevent something from harming you.
drop by,an informal visit.
broken heart,break someone's heart.
blind as a bat,unconscious to something.
in a fog,in a great confusion.
dollars to donuts,an outcome that is almost assured is called as dollars to doughnuts.
fair-weather friend,used to refer a friend who is not reliable in difficult times.
under fire,being shot at.
first light,the time when the light begins to appear in the morning.
"once bitten, twice shy",a bad experience cause to believe caution.
kick the habit,to overcome an addiction especially of an addiction like drugs.
make ends meet,make sufficient money to survive on.
head above water,to succeed to survive in bad financial situations.
up and about,to get out of the bed actively after sleep.
free spirit,a person who freely lives a life of his own way.
keep the wolf from the door,to have sufficient money to prevent starvation or hunger.
so to speak,as it where.
stands to reason,to reach a logical conclusion.
up to no good,to have an evil plan.
zip it,to ask someone to shut up.
in vain,without success.
sleep tight,an affectionate way of wishing someone a good night's sleep.
on your mark,absolutely accurate.
too close to call,a margin that is too close to determine a winner.
the devil is beating his wife,raining whereas the sun is shining.
when hell freezes over,"impolite way of saying ""it will never happen""."
all that glitters is not gold,the shining outer look of something is not a consistent sign of its real character.
forty winks,"sleep for a while, mostly during the day."
Elvis has left the building,the show is ended and go home now.
famous last words,a comment or a prophecy that is expected to be proved incorrect.
sense of humour,the ability to enjoy funniness.
a stitch in time saves nine,do not wait to deal with a specific problem or you risk it getting much worse later on.
other half,"husband, wife, or partner of someone."
for a song,incredibly inexpensive.
not at all,"a polite response when someone says ""thank you"" - as a synonym for ""you're welcome""."
beat the heat,finding a way to stay cool when it is very hot outside.
make do,to cope with something even though the circumstances are not ideal.
leg it,an informal way of telling someone to run in order to evade capture.
snow under,to bury or cover something or somebody in the snow (literal meaning).
last long,existing or persevering for a significant amount of time.
next of kin,close relative.
fall from grace,"to lose status, respect or prestige."
go with the flow,to do what other people are doing in any particular situation.
neck and neck,extremely near one another.
under the radar,off the radar.
get your goat,irritate somebody.
piece of writing,"the work of a writer, anything expressed in letters of the alphabet (especially when considered from the point of view of style and effect)."
speak soon,talk to you soon.
piece of work,"a complex, tricky, or odd person."
stand out,extend beyond or above a surface.
road to recovery,the procedure of becoming healthy again.
slip of the tongue,a mistake in speech (or writing).
over and above,in addition to.
over and over again,again and again.
over and out,said when someone is finished talking.
prone to,having a tendency to something - usually awful or unfortunate.
get off,to leave a place in order to start a journey.
on the mend,to improve in health after an illness.
look forward,to eagerly await something.
like a hole in the head,to have absolutely no need for something.
snow job,an elaborate cover up of something.
in the nick of time,almost too late.
bump into,to meet someone by chance/accident.
I could eat a horse,to be extremely hungry.
low hanging fruit,a goal that can be easily reached.
double take,to be so surprised at something that you have to take another look (american meaning).
the devil is in the detail,it means that when you do not concentrate on the details of something you may run into unexpected problems.
shifting sands,"refers to something that is constantly changing, often making a person feel uncertain."
so and so,"used in the place of someone's name, indicating that the person is of little importance."
so so,average - neither bad and nor good.
all the rage,when something is the height of popularity.
earworm,a situation when a song that comes to your mind again and again.
lose it,go insane or crazy.
lost on,it means that someone did not understand the remark or joke.
lost to,to be defeated by someone.
take over,to take control of something - often by force.
"Mr Right, Ms Right",the best future life partner for someone.
meet halfway,to reach a compromise.
ups and downs,good times and bad times.
take care,be careful.
larger than life,something or someone that is very impressive.
take on,someone's take on something is their opinion on a matter.
in stitches,to laugh so hard that you are not able to control yourself.
red herring,something irrelevant that distracts you from something important.
knight in shining armour,used to describe someone who saves you from a difficult situation.
pot calling the kettle black,criticizing someone for a fault that you have too.
heart and soul,with all the effort you can put into it.
miles to go before I sleep,you have a lot to do before you can rest.
fat chance,when there is little or no chance of something happening.
point out,to identify something within a group.
take it on the chin,this is a boxing metaphor meaning don't shy away from difficulty.
you can't teach an old dog new tricks,you cannot make others change their habits.
the best is yet to come,whatever is happening now will be surpassed by something better in the future.
give a shot,to have a try at something.
take turns,to alternate doing something.
high roller,"a wealthy person or company who spends their money in a risky way, often by making risky investments that can offer large rewards."
cut the crap,a very crude way of telling someone to stop doing something that you do not like.
wind up,to be annoyed by someone.
up to the mark,to be good enough.
hang up,to disconnect a phone call. it is often used when someone does not want to continue a conversation.
in a row,to happen a couple of consecutive times without break.
and so on,and related stuff.
black hole,a place in which things are lost never to be seen again.
see the light,realise or understand something.
spanner in the works,a roadblock that prevents an activity from succeeding.
of course,with absolute certainty.
warm-hearted,to be kind and loving.
hold tongue,to keep quiet when one would rather speak.
catnap,"a short sleep, usually during the day."
pardon me,it is a way of apologising for something that has been said or done.
sea change,to have a big change in perspective.
figure out,to solve something by using reasoning.
eat crow,being proven wrong after taking a strong stand.
on a silver platter,to get something without having to work for it.
fit of anger,"to display a very bad temper, often by screaming a lot."
zip past,to move past (someone or something) very fast.
zero-sum game,to be in a situation where the outcomes can either be to win or to lose.
a voice crying in the wilderness,to say something that is not popular.
at the drop of a dime,something that can happen very fast without hesitation.
time after time,to repeat something.
roll the dice,to gamble or take a chance on something or someone.
sitting duck,to be an easy target.
throw the baby out with the bathwater,to remove something good in the bid of getting rid of something bad.
skating on thin ice,to do something considered quite dangerous or risky.
playing second fiddle,to play a secondary or minor role with regards to someone else.
mend fences,to try and improve a bad relationship with another party.
cry me a river,usually used sarcastically to someone who is constantly complaining.
eat words,to take back what was said.
time will tell,something that will not be proven until a later date.
on the other hand,from a different point of view.
silence is golden,it is often better to say nothing at all.
paint the town red,to celebrate and have a wild time.
end of the day,to look at all the possibilities and then to make a final decision.
fall out,to disagree with someone about something.
in touch,keep in touch.
eager beaver,someone who is very eager to perform tasks and is always offering to do more.
come over,to go to someone else's house.
run out,to not have enough of something.
count on,it means that you are able to depend on somebody or something.
a sight for sore eyes,a way of saying that you are happy to see someone.
weak in the knees,"to be overcome by a strong feeling, usually desire."
never mind,to urge somebody not to worry about something.
say what,used when asking someone to repeat what they have said.
point blank,to fire something at such close range that it cannot be missed.
cheat sheet,a cheat sheet is a sheet containing information.
in a huff,to be upset or angry about something.
give up,to stop trying to figure something out.
all the best,a polite way to end a letter or email.
pain in the neck,pain in the ass.
learning curve,the rate of learning new skills.
as simple as that,extremely easy to understand or comprehend.
take stock,to think carefully about a situation in order to make a decision.
all day long,"the whole day, throughout the entire day."
carry on,to continue with something.
slow day,"a day in which not much happens, so it feels like it is taking very long to pass."
head start,to start ahead of the official start of an event.
speak up,raise your voice.
break open,"to cause something to open suddenly, especially from within."
hang on,hold on or hold tightly.
what are you up to,"another way to ask someone, what are you doing?."
at the same time,used to refer to two or more things occurring together.
none of your business,used to tell someone not to get involved in whatever you have going on.
high up,to have an important standing in society.
all set,to refer a state of being ready for an event.
pass away,die.
stay up,not go to sleep.
go after,to catch up to someone after they have gone.
drive crazy,to disturb or irritate someone.
speak too soon,to say something with the belief that it will be right and then it is later found out to be untrue.
a burnt child dreads the fire,everyone avoids repeating a hurting experience again in life.
blowing smoke,blows smoke in your face.
heart goes out to,to feel sympathy for someone when they are distressed.
high time,to refer to something that is already overdue but must be started immediately.
treasure trove,a priceless or valuable discovery.
finishing touch,something that is added to ensure that something else is made complete.
necessary evil,something unpleasant that must be done in order to achieve a goal or objective.
shades of grey,refers to a situation where things are not really clear.
as different as chalk and cheese,for two things to be completely different from each other.
means to an end,a necessary action carried out just to achieve a goal.
line in the sand,a boundary beyond which one cannot proceed without consequences.
full of beans,to be optimistic or enthusiastic.
from pillar to post,to move from one place to another with no purpose and direction.
shed light,to explain something in order to make it easier to understand.
laughter is the best medicine,"means that laughter can help cure negative feelings such as stress, anger, worry, depression, etc."
butter up,to flatter someone so as to get something in return from them.
buck up,to summon the courage to do something.
stiff upper lip,to be brave in the face of adversity.
wet behind the ears,immature or poor skill.
kill the goose that lays the golden egg,to destroy something that is profitable to you mostly because of greed.
in a nutshell,to be brief and straight to the point.
keep your nose clean,to stay out of trouble by not doing anything wrong.
cat got your tongue,used to refer a time when someone has nothing to say.
from now on,used to refer a time in the not so distant future.
head-on,front-to-front.
bite the bullet,to endure a painful experience that you cannot avoid.
in a pickle,to be in a difficult situation.
walk on eggshell,to be careful about one's words or actions around another person.
bun in the oven,to be pregnant.
tight-lipped,unwilling to speak about an event.
apple polisher,a flatterer; toady.
a lot on my plate,too much on my plate.
far-fetched,unlikely to be true.
no man is an island,no one is self-sufficient; everyone relies on others somehow.
bring home the bacon,to go out and earn a living or earn money for the family.
chill to the marrow,to be very cold.
running around like a headless chicken,to carry on in a disorganised manner.
beck and call,being completely available to someone when needed.
at sixes and sevens,used to express a situation of uncertainty or confusion.
the eleventh hour,at the very last minute before an event.
bon appetit,enjoy your meal/food.
back against the wall,to be in a tough situation with limited options.
button your lip,to stop speaking.
break the mould,to do something different from what is expected.
that's the way the cookie crumbles,"no matter how unfair the situation is, it must be accepted."
feel the pinch,experience financial hardship.
keep your hair on,to request someone to stay calm and not get annoyed.
take a hike,go away.
just what the doctor ordered,exactly what the doctor ordered.
blow your own trumpet,to say things that makes your own self or kin look good.
tear-jerking,a story that is purposefully sentimental.
spine-tingling,to be very horrific.
has-been,to have had a wonderful past but no present or future in the field.
page-turner,a thrilling book.
household name,to be very popular.
the last thing I want,i don't want.
do justice to,to speak of or otherwise show a person or thing in its true light.
head and shoulders above,significantly better than everybody else in the field.
bang head against wall,bang head against a brick wall.
memory like a sieve,poor memory.
like father like son,the man/boy being talked about is very much like/exactly like his father .
if it's the last thing I do,indicates determination to achieve something.
not the sharpest tool in the shed,"someone who is not very clever, according to others."
a trip to the sun,something which is very unlikely.
touch off,to ignite a thought.
eat like a horse,to eat a lot.
time flies,for a particular phase in life to seem shorter than it really was.
in the cross hairs,in a position where one might receive severe criticism.
pay the piper,to bear the ill-effects of something that was enjoyable at one time.
rub the wrong way,to tick someone off.
you can't make an omelette without breaking a few eggs,to have to go through something seemingly not nice for a good result.
forbidden fruit is always the sweetest,to desire something that is not within a feasible reach.
"out of sight, out of mind",to not stay an active issue when something is not immediately visible.
ignorance is bliss,to not get affected by something that is not known.
"if you scratch my back, I'll scratch yours",to return a favour for a favour.
no news is good news,"to assume that since there is no news, it will not be bad news."
tip of the iceberg,to only know a very small part of the problem.
hands are tied,to not be able to do anything about a situation.
money doesn't grow on trees,to have to put an effort in earning money.
learn to walk before you run,to take smaller steps initially.
"if it ain't broke, don't fix it",to not try to mend things that do not require it.
still waters run deep,to have passion or furore underneath a calm expression.
first things first,to have a priority order.
it's better to be safe than sorry,being careful may keep away unpleasant situation.
look before you leap,to make sure that everything is alright before doing something important which you cannot revert.
"where there's a will, there's a way",willpower will defeat any difficulty.
many hands make light work,to come together for a cause.
strike while the iron is hot,to take advantage of a situation.
too many cooks spoil the broth,to mean that something does not go well when there are too many ways to do it.
absence makes the heart grow fonder,to miss and love someone more when they are not around.
honesty is the best policy,being honest is always good and fruitful.
grass is always greener on the other side,to think that other's part is better than mine.
two heads are better than one,to have more than one participant in an activity to make it better.
familiarity breeds contempt,to start disliking something when one gets to know too much about it.
there's no time like the present,right now is the best time.
all good things must come to an end,"everything that is deemed nice, ends."
beggars can't be choosers,do not ask more or customize what you get when you have got it after asking for it.
a watched pot never boils,if you wait for something to happen it takes longer.
God helps those who help themselves,to be able to come out of a bad situation by self-help rather than hoping for divine intervention.
never look a gift horse in the mouth,it is an advice to be grateful for gifts.
the early bird catches the worm,it refers to people who arrive earlier are the ones who get the best deals.
discretion is the greater part of valour,to be quiet about it after helping someone out.
there's no place like home,to have an affinity for one's home over every other place.
there's no such thing as a free lunch,to be aware of something that seems free of cost but may have a charge levied in another form.
birds of a feather flock together,to form groups with people with similar interests and tastes.
keep your friends close and your enemies closer,to keep a keen eye on enemies beyond what one might have on their friends.
"hope for the best, but prepare for the worst",be optimistic but ready for hard times as well.
fortune favours the bold,it refers to people who face problems with determination and courage are the ones who attain massive levels of success.
follow by,"to continue with something else, usually on the agenda."
run for cover,to seek shelter.
"when the going gets tough, the tough get going",to become tougher than the situation in order to be able to overcome it.
the squeaky wheel gets the grease,"to get something fixed, it is required to make a noise to get attention."
the pen is mightier than the sword,the power of mass appeal is stronger than the force used against it.
"when in Rome, do as the Romans",to copy popular culture in order to blend in.
status quo,the existing condition.
cold hearted,"very cruel, unkind person."
breakout,to escape from somewhere violently.
being in love,to have strong feelings of love for someone.
a cut above,noticeably greater to.
in the meantime,simultaneously.
turning point,the point after which things become better.
batten down the hatches,to get ready for trouble.
old habits die hard,difficult to discontinue of an aged habit.
stack the deck,to be against someone or something.
beef up,to become big and muscular.
learn the ropes,to learn the tricks in order to do something well.
from time to time,every now and then.
two wrongs don't make a right,the fact that responding to a negative situation in the same manner will not make things better in any sense.
come down with,to have (usually a disease).
run a tight ship,to be strict about something.
heads up,to inform about something beforehand.
get under skin,to be irritating.
pass the torch,to pass on the responsibility.
dream come true,fulfilment of a wish after a long time.
a needle in a haystack,something very small amidst something very big.
black and blue,"hurt, either bodily, emotionally or psychologically."
faint of heart,to not be strong enough to handle a situation.
fall between the cracks,slip through the cracks.
black out,to be in a semi unconscious state so as to not have any memory of a particular moment.
"love me, love my dog",to accept someone unconditionally.
dead as a dodo,no longer alive or existing.
strive to do,to try very hard to achieve.
none of your lip,to ask someone to stop speaking.
time and again,to be repeated very often.
comb through,to check thoroughly.
chill to the bone,to get frightened or scare somebody.
zoom away | zoom off,to be in a hurry.
suited and booted,formally dressed; well dressed.
prick up ears,to start paying attention.
pipe down,to take to one or more notches down to its current standard.
a house of cards,something that can easily be broken or crumble by itself.
pull the plug,to kill or discontinue.
practice makes perfect,to keep repeating something over and over so that one can get good at that activity.
put a sock in it,to ask someone to stop talking.
ring fencing,to create a separate legal entity through the way of off-shore accounting in order to protect some assets in a corporation.
rise and shine,to ask someone to wake up and become active in the daily chores.
rome was not built in one day,admirable results always take time.
run out of steam,to lose the effect that something once had.
scot-free,scotch free.
saved by the bell,to be saved from losing because there is a signal of the event coming to an end.
scapegoat,to be made to suffer or bear the punishment for someone else.
riding shotgun,to provide active aid to someone.
sixth sense,to have an intuition about something.
skid row,"a bad locality which houses flophouses, run down hotels and cheap salons."
smell something fishy,to have a suspicion that something is wrong.
son of a gun,to address someone in an affectionate way.
southpaw,to be left-handed.
start from scratch,to start doing something over from the beginning.
the bigger they are the harder they fall,to fail according to the size of the venture.
the last straw,to be the last in a sequence of unpleasant things.
third time's a charm,"to say that when a person tries to do something, it works out at the third attempt."
twenty-three skidoo,to depart in a haste.
up a blind alley,to be doing something that will definitely have a negative outcome.
wag the dog,to divert attention from something that is bad.
"when it rains, it pours",to have a good or bad news enlarged by circumstances.
wild and woolly,to be carrying a wild look.
wine and dine,to treat somebody (usually a woman) to wine and dinner;.
you can't take it with you,everybody leaves their wealth behind after death.
zero tolerance,"denial to allow rebellious activities, usually by rigid and strict application of the rules;."
self-made man,someone who achieves the success with his own hark work.
under no illusions,be completely conscious of the real status of situation.
roaring trade,to do business quickly.
cutting edge,to be among the latest and the best (often used for technological advancements).
ballpark figure,to be near about the exact (usually in amount).
rat race,"to be following a routine that is both, exhaustive as well as competitive."
upper hand,to have the authority to make decisions over someone or something.
stop by,to meet someone or go somewhere in a brief and informal manner.
must have,to be done in a compulsory manner.
come across,to meet someone.
way around,"to find an alternative for something, someone or to perform a task."
just in case,to do something as a precautionary measure.
race against time,effort to do something as soon as possible.
baker's dozen, not 12 in numbers but 13.
in the pipeline,to be underway.
make sense,to be able to reason something out.
building blocks,something that is a basic element (of the subject).
brought forward,to bring forth.
kill time,to wait for something by doing something or nothing.
surgical strike,to cause injury or damage to the intended targets.
take breath away,astonish; surprise; amaze or astound somebody.
made it,used to indicated the completion of a task.
you bet,for sure.
come what may,anything happens; whatever come about.
you've got to be kidding,implies that something that someone said is a joke.
young blood,new members that provide various new schemes and ideas for the organization.
you can say that again,used to agree with another person or group of people.
you know better than that,used to express disappointment when someone makes a mistake which they probably shouldn't have.
you wish,used to make a sardonic comment.
you can't win them all,indicates the reality that it is not possible to always succeed.
you've made your bed,to make a decision and to accept the consequences of those decisions.
yes man,a person who only agrees with the crowd or a group of people in order to please them or look good in front of them.
your call,to leave a decision on  another person.
prick ears up,listen carefully.
pig in a poke,something that is bought without examining properly.
zip your lip,to stop talking.
yellow streak,people who  have an inclination towards being fainthearted.
year-round,happening in continuation throughout the whole year.
unring the bell,"once something has been done you cannot run away from it, you can only face the aftermath."
Young Turk,a young person who has many new ideas and wants a reform.
zenith of career or life,the highest pinnacle of a person's career or life.
pedal to the metal,do something at full speed.
out on the town,go out and enjoy yourself at one or more places in the town.
on the same page,everyone in agreement.
on pins and needles,being anxious or nervous.
off the record,an informal or unofficial statement.
off the hook,free of a difficult situation.
off on the wrong foot,off to a bad start.
no room to swing a cat,a very small place.
no dice,not agree for something.
New York minute,in a very short amount of time.
nest egg,"an amount of money that has been saved, especially for future use."
mum's the word,keep quiet and say nothing.
loose cannon,somebody whose activities are uncommon and out of control.
like a chicken with its head cut off,act in a frenzied manner.
level playing field,a situation that is fair to everyone.
lend me your ears,ask for someone's full attention.
last but not least,"someone or something that is last in sequence, but not less in importance."
knock on wood (touch wood),tap knuckle on wood in order to avoid bad luck.
knee jerk reaction,an automatic response to something.
keep body and soul together,manage to stay alive with very little money.
it's anyone's call,a competition where the outcome is difficult to predict or judge.
in your face,"a bold, defiant or aggressive manner."
in the buff,naked.
every nook and cranny,to look for something everywhere.
in the bag,have something as good as secured or certain.
idle hands are the devil's tools,"if you have nothing to do, you are likely to do some mischief."
icing on the cake,when something good is added to another good thing that you already have.
going to hell in a handbasket,in extremely bad state and becoming worse.
lose head,not have control over your emotions.
haste makes waste,"if you do things too quickly, you can make mistakes."
gut feeling,"a personal, intuitive feeling."
great minds think alike,thoughts of very intelligent people are similar to each other.
good Samaritan,someone who tries to help people in trouble or need.
go for broke,risk everything and go for an all out effort.
go down like a lead balloon,be poorly received by an audience.
give the slip,to get away.
get over it,accept something and move on.
get down to brass tacks,talk about the important things.
rags to riches,go from being very poor to being very wealthy.
foam at the mouth,be extremely angry.
flip the bird,show someone the middle finger as an act of contempt or anger.
flash in the pan,"something that cannot be repeated, usually a positive concept."
field day,have a great time doing something enjoyable.
everything but the kitchen sink,almost everything that one can think of.
drop like flies,many people falling ill or dying around the same time.
down to the wire,a situation where the outcome is not decided until the very end.
don't look a gift horse in the mouth,don't be ungrateful when you receive a gift.
curiosity killed the cat,too much curiosity can lead to dangerous situations.
cup of joe,a cup of coffee.
come hell or high water,come what may.
blood is thicker than water,family relations and bonds are closer than other relationships.
"close, but no cigar",be very close to accomplishing a goal but fall short.
chow down,"to eat something, usually quickly or vigorously."
beat around the bush,avoid talking about the main topic.
all Greek to me,used to convey that you cannot understand what is being said or written.
all bark and no bite,"threatening, aggressive, but not willing to engage in a fight."
toss-up,a situation where the result is unclear and can go either way.
a bird in the hand is worth two in the bush,what you already have is more valuable than the prospect to have something greater.
ask out,"invite someone to go out, especially on a date."
end of story,there is  nothing more to add to the matter under discussion.
joined at the hip,two people who are inseparable.
dog days,"hot, sultry days."
hard cheese,"bad luck, tough luck."
salad days,"the time of youth, innocence and inexperience."
love child,a child born out of wedlock.
sealed with a kiss,written and sent with love and care.
no love lost,there is a mutual dislike between two people.
love to death,love someone very much.
the course of true love never did run smooth,people in love often have to overcome difficulties in order to be with each other.
one cannot love and be wise,people often do foolish things when they are in love.
all is fair in love and war,in situations of love and war you do not have to obey rules of reasonable behaviour.
an item,be involved in a romantic relationship.
labour of love,"a task done for the pleasure of doing it, not for gains or rewards."
match made in heaven,a combination of two people that is perfect in every way.
pop the question,propose marriage to someone.
double date,a date on which two couples go together.
those three little words,"the three words ""i love you""."
walk out on,end a relationship with someone suddenly.
leave at the altar,decide not to marry someone at the very last moment.
break up | split up,end a romantic relationship with someone.
kiss and make up,to become friendly again after an argument.
wear heart on sleeve,display your emotions openly.
let your heart rule your head,do something based on emotions rather than logic.
beauty is in the eye of the beholder,different people have different ideas and views about what is beautiful.
love is blind,"if you love someone, you cannot see the faults in that person."
"marry in haste, repent at leisure","if you marry someone without knowing the person well, you will later regret your decision to marry."
love rat,"someone, usually a man, who has a secret affair while being in a relationship."
every picture tells a story,scene of happening that explains hidden reality.
stormy relationship,a relationship with many disagreements.
one stop shop,a store that fulfills various requirements which is preferable by customers.
eat humble pie,to become very humble in behaviour when someone points out a wrong doing by the person.
keep schtum,to be quiet when one knows that if the wrong thing is said then there will be more trouble.
beyond the pale,something that is not an acceptable way to behave.
on the rocks,likely to fail because of serious problems.
can't stand the sight of,to hate someone very much.
blazing row,a very angry argument.
go through a rough patch,to experience a lot of problems in a period of life.
tie the knot,to get married.
get hitched,to get married.
cupboard love,affection given in order to gain a reward.
whet one's appetite,"a stimulation that causes you to want additional of something, mostly food."
veg out,to stop working hard.
fancy free,something or someone who has no commitments or ties.
love of life,the person who is loved most by someone in all their life.
puppy love,"a mild infatuation, or a crush."
chew the fat,to have friendly banter for hours on end.
love nest,a home or place where two people who love each other live.
bob's your uncle,it is said after a set of instructions are provided and one wants to convey that the work will be simple for the other person to do.
born with a silver spoon in mouth,to be born to parents who are rich and have a good social rank.
i'll eat my hat,this is an expression of not believing something very strongly.
as nice as ninepence,a place that is very well organized.
"if wishes were horses, beggars would ride",to wish for things does not yield to anything.
smitten with,suddenly start to like or love someone very much.
have eyes only for,be attracted to someone exclusively.
"wear off, out",something that deteriorates or changes by wearing.
head over heels,"fall deeply and completely in love, especially suddenly."
lovey-dovey,showing lot of love or affection.
red letter day,a day of significance.
pin money,a small amount.
fall for,to be attracted romantically to a person.
go steady,have a romantic relationship with someone.
have the hots for,be very sexually attracted to someone.
hissy fit,to throw a tantrum.
save face,to be able to hide public disgrace by taking some action.
quality time,well spent time.
lie low,"to go out of sight, usually after having done something bad."
go out with,have a romantic relationship with someone.
paddle own canoe,to be able to act without having to depend on anyone.
keen as mustard,very excited and enthusiastic.
crush,feel love-sick for someone.
catch eye,be noticed by someone.
fall in love,to be very attracted to someone.
harp on,to speak in a boring tone.
in a trice,"in the moment, instantly."
jot or tittle,a very small amount.
year dot,a long time back.
old hat,someone who is old fashioned. the phrase can directly refer to old fashion too.
a little bird told me,it is used when a person is trying to hide the source of his information.
night owl,someone who is vigilant late at night.
shilly-shally,to be undecided.
filthy rich,someone who is rich beyond measure.
love at first sight,strong and immediate attraction to someone you have just met.
tall story,a story that cannot be believed easily.
class clown,a wiseacre.
dead ringer,a duplicate of the exact nature.
slap on the wrist,to show disapproval.
happy as a clam,to be very happy.
as bald as a coot,totally bald.
well read,well-educated and learned.
laughing stock,something ridiculous which can be laughed upon.
mumbo jumbo,something that does not make sense.
long in the tooth,to get too old for something.
"all singing, all dancing","something that is full of verve, vivacity and liveliness."
as easy as pie,an easy thing.
flesh and blood,"this phrase refers to direct family members, people that share a dna, that is, flesh and blood."
high on the hog,someone who is used to luxury.
know the ropes,to know all the ways and means to get something done.
dry run,a rehearsal before the actual performance.
Van Gogh's ear for music,van gogh was a painter who cut his ear off and this phrase is a pun intended one referring to being tone deaf.
doozy,it is something that is unique.
a whale of,very big (piece) of something.
clam up,refusal to talk further or reply.
fish for a compliment,it refers to an attempt to make someone say something nice to you or about you.
turn turtle,it refers to something turning upside down.
as calm as a toad in the sun,to be very calm in a situation that can be unnerving.
basket case,a person or a thing that is not able to function properly.
bug someone,to bother or irritate someone.
green around the gills,someone who looks sick or nauseated.
use your loaf,to tell someone to use their brain more in analysing what they are doing.
sick as a dog,to be very sick.
hive of activity,a very busy place.
bug-eyed,the bulging of the eyes out is known as being bug eyed.
stir up a hornet's nest,to create trouble.
not hurt a fly or flea,"to not be able to cause harm to anyone, including even a tiny and insignificant insect."
drink like a fish,"this phrase means to drink heavily, which becomes worrisome."
a penny saved is a penny earned,this phrase advises people to be cautious of their money and have savings.
a rolling stone gathers no moss,it is difficult for a wanderer to be able to flourish.
a little knowledge is a dangerous thing,gaining some knowledge can make a person believe that they have now become experts in that field.
a miss is as good as a mile,"this phrase points to the fact that regardless of how badly (or not) someone missed the target, it is a miss after all."
a nod is as good as a wink,this phrase refers to passing signals to convey a message. this signal can be subtle for those who want to understand it.
a cat may look at a king,someone who is inferior in any form is not totally restricted in how they behave in front of a superior.
a drowning man will clutch at a straw,it refers to the desperate measures that someone in need may make in order to come out of the situation.
a little of what you fancy does you good,it is a coveted way of addressing the benefits that one derives out of having sex.
a golden key can open any door,the prospect of receiving money will end up in getting any task accomplished.
a good man is hard to find,this proverb refers to women who are looking for suitable alliances but aren't able to find them.
a friend in need is a friend indeed,used for a person who helps at the time of a requirement is a true friend.
X Factor,an outstanding extraordinary ability.
fate worse than death,it means to have to suffer through ordeal that makes a person prefer death over going through it again.
have never had it so good,"it literally means what it says, that is, a person has not had better of whatever it is that is being discussed before."
man's best friend,"it refers to animals that are of use to human beings, mostly used to address dogs."
dish fit for the gods,this refers to food that is of an exemplary quality.
call of the wild,it talks about nature appealing to a person.
fish rots from the head down,it refers to failing organizations and how the blame of it should be on its 'head' that is its leadership.
fool's paradise,this phrase refers to someone who becomes happy at hopes provided based on false facts.
face the music,receive punishment.
ring a bell,something that sounds familiar.
pitch in,join in and help with something.
diamond is forever,it is the slogan of the popular diamond seller de beers.
call a spade a spade,this phrase means to say something the way it is.
feather in your cap,it means to have an achievement in your name.
Kangaroo court,it refers to a court that passes judgement but is not a valid court.
before one can say Jack Robinson,very suddenly.
baby blues,the depression that is caused to new mothers after childbirth.
cold turkey,in a unexpected and sudden way.
sit tight,wait patiently.
a bunch of fives,this phrase refers to the human fist where the bunch of fives literally point out to the five digits.
a chain is only as strong as its weakest link,"this proverb means what it states, literally."
ginger up,to cheer up a group or any activity.
as mad as a hatter,it refers to someone being completely crazy.
name is mud,it means that the person is extremely unpopular.
lose touch,fail to keep in contact.
scratch back,do someone a favour hoping that a favour will be returned.
at sea,it means to be confused or not understand something at all.
at stake,"it means to be on wager or bet, when there is some sort of uncertainty."
a leopard can't change his spots,one cannot change who they are.
a house divided against itself cannot stand,things will work out when there is unity amongst those people that are involved in the task.
a fool and his money are easily parted,this meaning is as it literally states. someone who is foolish can easily lose their money as it would be easy to dupe them out of it.
hold your horses,to wait.
drive up the wall,to make someone angry or irritated.
twist arm,to make someone do what you want by making it difficult for them to refuse.
against the clock,in a great hurry to finish something before a particular time.
break a leg,good luck.
flog a dead horse,waste energy on something that has no chance of succeeding.
you are what you eat,"if you eat good food you will be healthy, if you eat bad food you will be unhealthy."
tongue in cheek,"something said in humour, but with an act of being serious."
water under the bridge,past events that are not important anymore.
pull leg,tease someone.
rule of thumb,a principle that is kept to.
smell a rat,sense that something is not right.
spitting image,look exactly like someone else.
until the cows come home,for a very long time.
over the top,"excessive, exaggerated."
kick the bucket,to die.
keep an eye on,keep a watch on something or someone closely.
"if it's not one thing, it's the other",everything is going wrong.
set in ways,leading a fixed lifestyle.
when pigs fly,pigs might fly.
find feet,become familiar with a new situation.
cut to the chase,come to the point.
between a rock and a hard place,having two very bad choices.
it's a small world,meeting someone not expected to be at a certain place.
chip on shoulder,holding a grudge or grievance.
jump the gun,"start something too soon or early, especially without thinking."
over the moon,extremely pleased or happy.
hit the books,to study very hard.
stone's throw,a short distance.
let the chips fall where they may,"let something happen, no matter what happens after that."
tickled pink,excited and happy.
blow away,impress someone very much.
couldn't care less,total lack of interest in something.
sell someone out,to betray someone.
running on fumes,to continue doing something even when you have no energy left.
go the extra mile,to make an extra effort.
hang in there,"wait, be patient till things work out."
come out swinging,be confrontational.
shoot from the hip,"speak directly or bluntly, without caring for consequences."
tar with the same brush,to think that somebody has the same bad qualities as others in a similar surrounding.
go down in flames,to fail spectacularly.
cut somebody some slack,give additional freedom to someone.
leave no stone unturned,do everything that is possible in order to achieve something.
your guess is as good as mine,i don't know.
pull yourself together,to calm down and behave normally after an upsetting event.
pull a rabbit out of the hat,do something unexpected or surprising.
by the skin of your teeth,barely manage to do something.
wouldn't be caught dead,dislike something very much.
whole nine yards,"everything, all of something."
straight from the horse's mouth,from a dependable or reliable source.
taste of own medicine,when someone gets the same bad treatment that he has been giving others.
take with a grain of salt,to understand that something is not completely true or right.
steal thunder,take credit for someone else's work.
speak of the devil,when someone comes in unexpectedly while being talked about.
a whole raft of,a large collection of something.
part brass rags,quarrel and break off friendship with someone.
read the riot act,warning someone by scolding them to improve their behavior.
ray of sunshine,someone or something that brings hope into the lives of others.
not playing with a full deck,not mentally sound.
a picture is worth a thousand words,a picture conveys information more effectively than words.
pull the wool over eyes,to deceive someone.
see eye to eye,to agree fully with someone.
sit on the fence,delay or avoid making a decision or choice.
make a long story short,abbreviate a long explanation into a short one.
miss the boat,miss a chance.
method to madness,a purpose in doing something that is seemingly crazy.
all ears,saying that you are all ears means the other person has got your full attention in terms of listening to him.
Queensberry rules,standard rules of polite or acceptable behavior.
qui vive,on the alert or lookout.
rack your brains,put great effort to think of or remember something.
live at rack and manger,in between plenty and abundance.
let sleeping dogs lie,its best to leave a situation as it is if disturbing it might cause trouble.
kill two birds with one stone,accomplish two different things at the same time.
balancing act,an action that needs a fine balance between different conditions or wishes.
takes two to tango,certain actions or activities cannot be performed alone - they  need two people to participate.
hit the nail on the head,be accurately right about something.
in the heat of the moment,saying or doing something without thinking due go anger or excitement.
wash hands of,abandon taking responsibility for someone or something.
warn off,inform someone forcefully to stay at a distance.
make a virtue of necessity,extract something beneficial from an unwelcome obligation.
viper in bosom,a person who deceives you after receiving help from you.
far cry from,something that is very different from something else.
hear on the grapevine,to hear rumours about something.
under the weather,to be ill or feel ill.
don't put all your eggs in one basket,don't make everything dependent on one thing.
drastic times call for drastic measures,extreme circumstances can only be resolved by equally extreme actions.
don't give up the day job,a usually humorous way of telling someone not to pursue something full time as he or she is not good at it.
cut the mustard,to succeed.
devil's advocate,one who presents a counter argument.
don't count your chickens before they hatch,do not count on something that has not yet happened.
turn the tables,change your position with respect to someone else.
tall poppy,a privileged or distinguished person.
in tandem,one after another.
to a T,done precisely.
monkey business,silly act.
accidentally on purpose,performing an action intentionally and pretending to either oneself or to the world that as an accident.
add fuel to the flames,"an action, whether verbal or physical that makes a bad situation even worse."
backseat driver,co-passenger who unnecessarily criticizes the driver while himself doing nothing.
can't judge a book by its cover,outward appearance cannot be an indicator of someone or something's value or worth.
caught between two stools,"come between two alternatives, and so fail to fulfill either of them."
take name in vain,use someone's name in a way that shows a lack of respect.
yesterday's man,someone especially a politician whose career is finished.
be up on,be well informed about a matter or subject.
on one's uppers,extremely short of money.
cry over spilt milk,to be upset about things that have already been done.
upper crust,"the aristocracy and upper classes, informal."
uncle Tom Cobley and all,used to denote a long list of people (in british english).
late unpleasantness,the war that took place recently.
ugly duckling,a young person who turns out to be beautiful or talented against all expectations.
variety is the spice of life,new and exciting practices make life more attractive.
vale of years,the decreasing time of a individual's life.
spin a yarn,to tell a tale.
belly up,to die.
save your breath,to not waste effort on something that has no outcome.
have no truck with,avoid dealing or being associated with.
best thing since sliced bread,something that is too fine.
the best of both worlds,a win-win situation.
actions speak louder than words,what you do carries more weight than what you say.
add insult to injury,to make a bad situation worse.
penny for your thoughts,a way of asking what someone else is thinking.
hot potato,any subject which several folks are talking about and which is frequently argued.
banker's hours,short working hours.
fit as a fiddle,a very healthy person.
throw in the towel,to quit.
every cloud has a silver lining,there is something good in everything that's bad.
third wheel or fifth wheel,a person who is in a situation where they are not needed.
bell the cat,cat meaning: do a dangerous job. example: someone has to bell the cat and tell the commissioner that his own started the violence.
liquor up,get someone drunk.
take the edge off,blunt the effect of.
early days,it is too soon to make a judgment about something.
play by ear,learn music by ear.
play it by ear,improvise; act without preparation.
do the trick,successfully achieve a result.
deals with,be concerned with something.
just deserts,get what one deserves.
in high dudgeon,feeling or exhibiting great resentment.
dribs and drabs,in small irregular quantities.
drop a bombshell,"make an unexpected, startling or disturbing announcement."
double whammy,situation where two bad things happen at the same time.
on the dot,exactly on time.
dead end,"a street, corridor, road, pipe etc., that has no exit."
deja vu,already seen (literal meaning in french).
doldrums,be inactive.
wash dirty linen in public,discuss publicly matters that one should keep private.
in dire straits or need,experience difficult financial conditions or circumstances.
turn a deaf ear,choose not to hear.
throw dust in eyes,to mislead somebody.
well-to-do,rich and of good social status.
at a discount,ount meaning:  not valuable or not in worth  at a lower price than usual  below the nominal value  held in low esteem  read on.
dirt cheap,very cheap.
rough diamond,a person of exceptional character.
at death's door,on the point of dying.
on demand,when needed.
de facto,existing in fact.
de jure,having a right or existence as stated by law.
down in the dumps,a gloomy.
like or as a duck to water,s a duck to water meaning:  to do something very quickly and enjoy doing it  easily and naturally  to have a usual aptitude  read on.
a drop in the ocean,a very tiny part of something big.
drop a line,"ne meaning:  send a brief letter  to call over telephone  send an email, etc.  send any kind of moral short letter or  read on."
at the drop of a hat,at the slightest signal.
dressed to kill,"elaborately attired, dressed to draw attraction."
never in wildest dreams,a situation beyond the scope of one's imagination.
draw the line,to define a limit in anything.
down the drain,to waste something.
down the road,"road meaning:  at a future point or end  in the future, in a few years  dismissed, fired examples: 1. somewhere down the road  read on."
down and out,"out meaning:  homeless or penniless person  someone who has no home, no job and no money  poor and unlucky, bumming and boozing   read on."
on doorstep,very near to where somebody lives.
dot the i's and cross the t's,"to take care of every detail, even minor ones."
till doomsday,"sday meaning:  for a very long time  for all time,  forever examples: 1. you could try to convince her till doomsday, but she will  read on."
done in,eaning:  be too tired to do any more  exhausted examples: 1. i was/felt really done in after the match. 2. you are really done  read on.
done for,to be over.
dog tired,very tired.
dog in the manger,one who prevents others from enjoying something despite having no use for it.
dog eat dog,a very competitive world.
dos and don'ts,onts meanings:  rules about what you must do and what you must not do in a specific condition  what is recommended or allowed and  read on.
do or die,a situation in which you must take a big risk in order to avoid failure.
treat like dirt,behave someone very badly without respect.
keep your chin up,be stalwart and courageous in a tough situation.
come a cropper,to not succeed at something.
a dime a dozen,something very common and not having much value.
dig heels in,to be firm and resolute about something.
dig up dirt,irt meaning: find derogatory information about something or somebody. example: no effort is being spared to dig up dirt on the rival candidate.
never say die," die meaning: stay optimistic, positive attitude. example: there are still a dozen of of job vacancies that she hasnt tried. never say die."
die in harness,to expire while working.
give the devil his due,"give credit to an opponent's merits, grudgingly or not."
deliver the goods,do what is required.
get a raw deal, deal meaning: unfair treatment. example: she got a very raw deal in terms of his fathers will: everything was left to her younger sister.
over my dead body,"in no way, under no circumstances."
dead and buried,buried meaning: no longer in use. example: us. and great britain wont stop their weapons until the terrorism is dead and buried from the earth.
"day in, day out","ay out meaning: every day, without respite. example: life feels too boring when you go to office for work day in, day out."
all in a day's work,refers to the work that is done regularly by someone.
win the day,ay meaning: win a war or a fight or competition etc. example: the opposition win the day in the debate over the judges impeachment.
call it a day,"stop doing something, especially working."
dark horse,"a little known, unexpectedly successful entrant."
put damper on,to discourage someone from doing something that they want to.
dance to tune,to do what someone else forces you to do.
at daggers drawn,almost ready to fight.
wouldn't dream of,"dream of meaning: not occur to one, not consider. example: even if it were lying on my desk, i wouldnt dream of taking another persons money."
down to earth,"decent, simple, realistic."
fingers crossed,a gesture of crossed fingers used to express good luck.
get foot in the door,"in the door meaning: succeed with a first step; achieve an initial stage. example: i know its not the job youd hoped for, but at least  read on."
out of one's depth,a situation beyond one's knowledge or ability.
in deep water,a very serious situation.
frighten or scare to death,or scare to death meaning: make somebody feel very frightened. example: a shadow appeared in the doorway and scared me to death.
not give a damn,to not care.
cross path,h meaning: meet somebody casually. example: he never crossed my path again since that incident 5 years before.
camp follower,"a person who is supportive of the cause, person or organisation."
come up with,to find a new thought.
come up,eaning: happen unexpectedly. example: he will not be able to attend the meeting if something else comes up.
come on,to request to hurry (something).
come to a head,to reach a point in a situation where action needs to be taken.
cost an arm and a leg,very expensive.
a cinch,an extremely easy task.
come to a pretty pass,a bad situation.
choke up,make a person become overemotional and speechless.
go through channels,to follow the correct steps in order to get something done.
head in the clouds,daydreaming or absentminded.
cash in,to earn out of something in big amounts.
creme de la creme,to be exclusive.
to the core,totally.
cut and dried,ready-made.
come again,to request someone to repeat what has just been told.
in a clover,"er meaning: prosperous, living well. example: after we earn a million in our new business of gold, well hopefully be in a clover."
chicken hearted,earted meaning: not brave. example: these chicken hearted bosses always seem to give in at the first sign of a strike.
volte face,to change beliefs (suddenly) from something to its complete opposite.
vice versa,a reverse in position.
vent spleen,to exhibit your rage.
quantum leap,to make a significant improvement or dramatic advancement.
"quote, unquote",to use a phrase which has been coined by someone else but saying it in disbelief.
queer pitch,spoil somebody's chance of doing something.
early bird,an early rising person.
Jack of all trades,someone who is competent at many things but does not excel at any of them.
the calm before the storm,an extremely peaceful atmosphere right before any serious incident or crisis.
cut and thrust,"furious contest, discussion, etc."
cry wolf,"to keep asking for help, even when you don't need it. when you really need help, no one believes you."
as the crow flies,in a straight line.
"easy come, easy go",readily won and readily lost.
behind closed doors,in clandestine.
in due course,quite soon in the future.
keep own counsel,say little or nothing about one's opinions or intentions.
in the cahoots,to do something in hiding or secret because it is morally or socially not acceptable.
cool heels,to wait or take rest.
come to pass,to happen.
come to grief,"rief meaning: fail, meet with disaster or failure. example: it would be a great pity to see all that sincere work come to grief."
feet of clay,lay meaning: have a flaw or weakness most people are unaware of. example: some of the greatest people in history had feet of clay.
chime in,to interject a remark.
cave in,"to fall for something, either literally or metaphorically."
carte blanche,to have complete authority.
call names,to insult someone.
cut down,to reduce the amount of something (usually bad).
off the cuff,in an unguarded way.
curry favour,seek to gain advantage by flattery.
cut corners,"economise on time, money, materials or effort, perhaps unwisely."
on cue,to happen at the precise moment.
take up the cudgels,argue strongly in support or against somebody or something.
crystal clear,"lear meaning: absolutely clear, easy to understand. example: the instructions for preparing the dish are crystal clear."
cup of tea,to like something.
full cry,to talk about a subject in an eager tone.
on the crest of a wave,to reach the highest point of success.
get cracking,to hurry something up.
blow cover,to reveal the true identity.
count chicken,make plans based on events that may or may not happen.
couch potato,a chronic television viewer.
wrap in cotton wool,to be overprotective towards somebody.
cool as cucumber,"be very calm and relaxed, particularly when it's astonishing."
to heart's content,to gain full satisfaction.
cold feet,loss of courage.
show true colors,to reveal what one is really like.
pour cold water on,deter or discourage somebody.
coin a phrase,as one might say.
under a cloud,under suspicion.
cock and bull story,"complicated, ridiculous, or unbelievable story."
cloud nine,very happy.
out of the closet,go public about something private or hidden.
clean sweep,an irresistible victory.
come clean,to make a disclosure.
round the clock,continuously or interrupted.
put the clock back,lock back meaning: change to a lower level or earlier time. example: the common rules in the company has put the clock back ten years.
cold comfort,"insufficient ease, sympathy, or encouragement."
clean slate,to wipe the past out and begin afresh.
Hobson's choice,given two options when in fact there is only one choice.
strike a chord,to trigger a strong memory or feeling based on which there can be a mutual interest.
when the chips are down,chips are down meaning: when a situation is urgent or desperate. example: shes the person you would like to have around when the chips are down.
charity begins at home,"the family comes first, and one should help their family before helping others."
throw caution to the winds,to take a decision without caring about the negative effects that come with it.
change of heart,change one's opinion or the way one feels about something.
catch-22,the particular situation in which one cannot win.
let the cat out of the bag,to let a secret out in the open.
castles in the air,thinking of some impossible task.
put the cart before the horse,to do things in the wrong order or sequence.
carrot and stick,mixture of rewards and punishments.
card up sleeve,to have a secret advantage that is suddenly revealed to change the game.
in the can,to be completed.
sell like hot cakes,be a great commercial success.
a piece of cake,very easy task.
crack of dawn,very early in the morning.
not have a clue,"a clue or havent a clue meaning: have no idea or inkling about something. example: i havent a clue why she left the job, suddenly."
on the case,to do what is the best course of action in the given situation.
can of worms,"to get into something that is messy, has problems and is unwanted."
burst at the seams,to be filled up to the brim.
beg to differ,to politely refuse something.
in the black,to not be in debt.
close the books,set the ending to a concerned issue.
betwixt and between,to be undecided about something.
by the way,incidentally.
break down,to stop working.
better off,to shun someone or something away so that it becomes better than before.
buzz word,a phrase that is used to describe a word or phrase that is popular in a group of people.
build bridges,to foster good relationships.
go by the book,"do things strictly according to the written rules, etc."
blue-collar,"of or relating to industrial work, especially the semiskilled and unskilled."
bee in bonnet,be possessed with one thought or scheme.
after blood,"to want to revenge or punish someone, because they have made you angry."
bitter medicine,something difficult to accept.
make it big,become very successful or famous.
belly laugh,to laugh uncontrollably.
take a beating,to be defeated in doing something and be reprimanded for the same.
stab in the back,a disloyalty.
bad-mouth,to say something bad about something.
mean business,to be focused about achieving a goal.
hide light under a bushel,to show modesty towards something or someone.
burn fingers,to bear an unpleasant result of an action that has been taken in the past.
at bottom,to the core of the object.
born yesterday,naive; inexperienced.
bona fide,"to be genuine, verified."
blue blood,a member of an upper-class family.
bird of passage,a transient.
butterflies in stomach,to feel very nervous and restless.
turn back on,choose not to speak to.
let bygones be bygones,what's done is done.
as busy as a bee,very busy.
on the back burner,to put something (that is to be done) for later.
burn the midnight oil,work long hours and hard.
take the bull by the horns,decisively deal with a difficult or dangerous situation.
bull in a china shop,"extremely awkward, clumsy person."
a fast (or quick) buck,earn money quickly and often in a way that is not honest or normal.
burn bridges,"remove someone's all options of retreat, act decisively."
bear the brunt of,to be bearing the main force that came from a blow.
bread and butter,to indicate what a person earns or earns for.
think outside the box,think out of the box.
make no bones about,"to talk openly about something, instead of being silent."
a bolt from the blue,a sudden and unexpected event or piece of news (typically annoying).
be in the same boat,be in the same unpleasant situation as other people.
blow hot and cold,to sometimes like or be interested in something or somebody and sometimes not.
once in a blue moon,very rarely.
new blood,young and active people.
in blood,meaning: part of ones genetic inheritance. example: the whole family is good in business; its in their blood.
blood on hands,be responsible for somebody's death.
new kid on the block,"a new arrival in a place, group or organization."
a blind alley,a dead end.
a blessing in disguise,the misfortune which turns out to have advantages.
blaze a trail,to find a new method/technique.
draw a blank,to get no response from someone.
in black and white,printed form of a document.
black sheep,a disgrace.
bite tongue,to keep yourself from saying something that you really want to say.
bite off more than can chew,try to do more than one is able to do.
bite the hand that feed,to turn against someone who has been a benefactor in the past.
bite the dust,to fall to the ground.
big deal,important thing.
bits and pieces,miscellaneous small objects.
bird's eye view,eye view meaning: an overview. example: this website gives you a birds eye view of the idioms used in indian exam system since british times.
a bird in the hand,a possession that is worthy.
foot the bill,pay the bill.
fill the bill,be exactly suitable for a particular situation.
back to the drawing board,back to the planning stage.
big cheese,to be an important and successful individual.
bide time,to wait for the perfect moment to do something.
beyond a shadow of doubt,to be certain about something's validity.
the better of,to become superior to someone or thing.
better half,spouse.
better late than never,it is better for somebody or something to be late than never to arrive or to happen.
make the best of,to look for a positive side of a seemingly negative situation.
below the belt,to be mean and unfair (in a fight).
raining cats and dogs,too much heavy rain.
a bed of roses,easy option.
tighten belt,to save your money.
bated breath,to wait in a nervous and excited manner.
beat a hasty retreat,abandon something (speedily).
at bay,to keep something dangerous at a safe distance.
bark up the wrong tree,waste one's efforts by pursuing the wrong thing or path.
bang on,to be exact; to be correct; to be proper.
banana republic,"a small, poor country with a weak, corrupt or dishonest government."
have a ball,to have a great time.
a bag or bundle of nerves,"bundle of nerves meaning: very nervous person. example: before the interview, he was a bundle of nerves."
back door,to take indirect or unofficial route to get something done.
on the brink of,to be on the verge of doing something.
cross the bridge,to delay worrying about something that might not happen anyway.
back to square one,return to where one started from.
get to the bottom,to find out the truth relating to a situation.
in the good books,be in somebody's favour or good opinion.
bone of contention,the subject of a dispute.
above board,"straight; without concealment, legitimate; open."
out of the blue,out of nowhere or unexpectedly.
turn a blind eye,deliberately overlook.
a bit much,to be excessive.
give hell,to give someone a harsh scolding.
the benefit of the doubt,regards a person as innocent unless confirmed otherwise.
get out of bed on the wrong side,be very irritable and grouchy.
bend over backwards,do all in one's power (usually to achieve something or accommodate somebody).
the ball rolling,to start a conversation in a social setting.
in a bad way,to say or mean something ill.
to see the back of,to be glad that you no longer have to deal with someone.
as an aside,indirect communication.
all up,finished.
ages,a long time; a very long time.
blow-by-blow account,to describe (something) in exceptional detail.
arrive in a body, a body meaning: arrive with unity as a group. example: the classroom became too noisy when all the students arrived in a body..
as well as,additionally.
as well,to be in addition to (something).
as to,with regard to.
as soon as,"s meaning: when, just after something. example: he get the auto-rickshaw as soon as he reached to the bus stop."
as long as,to put condition of time on an action.
as for,to be regarding (something or someone).
as far as,to the extent of something.
all of a sudden,"sudden meaning: suddenly, without advance warning. example: all of sudden it became dark and the rain started."
account for,to have to provide an explanation for (something).
according to,as mentioned by someone else either verbal or scriptural.
about to,to be at the point where something was just going to be done.
as a matter of fact,to be or have done something in actuality.
avant-garde,this phrase refers to artists whose work was ahead of their times.
high or top on agenda,"op on agenda meaning: if a subject or plan is at the top of somebodys agenda, it is the most important thing they want to discuss  read on."
ad hoc,"something arranged, started, or done only when necessary but not planned earlier."
make an ass,to make a fool of someone.
arm in arm,to be closely allied.
give airs,to be pretentious/showy.
axe to grind,have a private or selfish reason for doing something.
Adam's ale,water.
keep at arm's length,keep distance from something or somebody.
in the ascendant,to become more powerful.
armed to the teeth,"heavily and formidably armed, usually with deadly weapons."
as and when,at the time when (used to refer to an uncertain future event).
up in arms,angry.
long arm of the law,the extensive influence of the authorities.
seal of approval,an official sign of approval.
upset the applecart,spoil or disrupt a plan or arrangement.
apple of eye,"the person of whom one is extremely fond, favorite, loving."
apple of discord,something that causes trouble or unhappiness.
ants in pants,be extremely restless.
up the ante,increase the demands or risks to obtain better results.
run amok (amuck),act in a wild or dangerous manner.
all and sundry,everyone.
alpha and omega,both the beginning and the end.
alive and kicking,lively and active.
in the blink of an eye,in an instant.
across the board,applying to everyone.
come of age,"become an adult, reach adult status."
get act together,get organized and on schedule.
a man of action,a person of energetic activity.
acid test,a test that proves a hypothesis or validity of a product or idea.
Achilles heel,a vulnerable spot or weakness.
own accord,by one's own choice.
take aback,surprised or confused by something unexpected.
from A to Z,comprehensive.
up in the air,"unresolved, undecided."
out of action,something is not working or cannot be used.
all in all,considering everything that has happened.
clear the air,get rid of all doubts and negative feelings.
take into account,bear in mind.
ABC,the alphabet (see example 1 and 2).
crocodile tears,shed crocodile tears.
